-- phpMyAdmin SQL Dump
-- version 5.2.0
-- https://www.phpmyadmin.net/
--
-- Host: localhost:3306
-- Generation Time: Jun 24, 2025 at 05:05 AM
-- Server version: 8.0.30
-- PHP Version: 8.1.10

SET SQL_MODE = "NO_AUTO_VALUE_ON_ZERO";
START TRANSACTION;
SET time_zone = "+00:00";


/*!40101 SET @OLD_CHARACTER_SET_CLIENT=@@CHARACTER_SET_CLIENT */;
/*!40101 SET @OLD_CHARACTER_SET_RESULTS=@@CHARACTER_SET_RESULTS */;
/*!40101 SET @OLD_COLLATION_CONNECTION=@@COLLATION_CONNECTION */;
/*!40101 SET NAMES utf8mb4 */;

--
-- Database: `pwl_pos`
--

-- --------------------------------------------------------

--
-- Table structure for table `failed_jobs`
--

CREATE TABLE `failed_jobs` (
  `id` bigint UNSIGNED NOT NULL,
  `uuid` varchar(255) COLLATE utf8mb4_unicode_ci NOT NULL,
  `connection` text COLLATE utf8mb4_unicode_ci NOT NULL,
  `queue` text COLLATE utf8mb4_unicode_ci NOT NULL,
  `payload` longtext COLLATE utf8mb4_unicode_ci NOT NULL,
  `exception` longtext COLLATE utf8mb4_unicode_ci NOT NULL,
  `failed_at` timestamp NOT NULL DEFAULT CURRENT_TIMESTAMP
) ENGINE=InnoDB DEFAULT CHARSET=utf8mb4 COLLATE=utf8mb4_unicode_ci;

-- --------------------------------------------------------

--
-- Table structure for table `migrations`
--

CREATE TABLE `migrations` (
  `id` int UNSIGNED NOT NULL,
  `migration` varchar(255) COLLATE utf8mb4_unicode_ci NOT NULL,
  `batch` int NOT NULL
) ENGINE=InnoDB DEFAULT CHARSET=utf8mb4 COLLATE=utf8mb4_unicode_ci;

--
-- Dumping data for table `migrations`
--

INSERT INTO `migrations` (`id`, `migration`, `batch`) VALUES
(1, '2014_10_12_000000_create_users_table', 1),
(2, '2014_10_12_100000_create_password_reset_tokens_table', 1),
(3, '2019_08_19_000000_create_failed_jobs_table', 1),
(4, '2019_12_14_000001_create_personal_access_tokens_table', 1),
(5, '2025_02_26_010456_create_m_level_table', 1),
(6, '2025_02_26_011148_create_m_category_table', 1),
(7, '2025_02_26_012050_create_m_user_table', 1),
(8, '2025_02_26_012537_create_m_barang_table', 1),
(9, '2025_02_26_012959_create_t_stok_table', 1),
(10, '2025_02_26_013314_create_t_penjualan_table', 1),
(11, '2025_02_26_013333_create_t_penjualan_detail_table', 1),
(12, '2025_03_18_094357_create_m_supplier_table', 1),
(13, '2025_04_16_054733_add_profile_url_to_m_user_table', 1),
(14, '2025_05_06_135335_add_image_to_m_user_table', 1),
(15, '2025_05_12_115139_add_foto_produk_to_m_barang_table', 1);

-- --------------------------------------------------------

--
-- Table structure for table `m_barang`
--

CREATE TABLE `m_barang` (
  `barang_id` bigint UNSIGNED NOT NULL,
  `kategori_id` bigint UNSIGNED NOT NULL,
  `barang_kode` varchar(10) COLLATE utf8mb4_unicode_ci NOT NULL,
  `barang_nama` varchar(100) COLLATE utf8mb4_unicode_ci NOT NULL,
  `harga_beli` int NOT NULL,
  `harga_jual` int NOT NULL,
  `foto_produk` varchar(255) COLLATE utf8mb4_unicode_ci DEFAULT NULL,
  `created_at` timestamp NULL DEFAULT NULL,
  `updated_at` timestamp NULL DEFAULT NULL
) ENGINE=InnoDB DEFAULT CHARSET=utf8mb4 COLLATE=utf8mb4_unicode_ci;

--
-- Dumping data for table `m_barang`
--

INSERT INTO `m_barang` (`barang_id`, `kategori_id`, `barang_kode`, `barang_nama`, `harga_beli`, `harga_jual`, `foto_produk`, `created_at`, `updated_at`) VALUES
(1, 1, 'BRG001', 'Laptop Asus Tuf', 10000000, 15000000, NULL, NULL, NULL),
(2, 1, 'BRG002', 'Mouse Sades', 200000, 250000, NULL, NULL, NULL),
(3, 2, 'BRG003', 'Kaos Polos Hitam', 50000, 75000, NULL, NULL, NULL),
(4, 2, 'BRG004', 'Jaket Hoodie Blackpink', 150000, 200000, NULL, NULL, NULL),
(5, 3, 'BRG005', 'Mie Sarimi', 2500, 3000, NULL, NULL, NULL),
(6, 3, 'BRG006', 'Beras Sendang Biru', 60000, 70000, NULL, NULL, NULL),
(7, 4, 'BRG007', 'Meja Gaming Fantech', 350000, 400000, NULL, NULL, NULL),
(8, 4, 'BRG008', 'Kursi Gaming Vortexseries', 5000000, 5500000, NULL, NULL, NULL),
(9, 5, 'BRG009', 'Vitamin A', 30000, 40000, NULL, NULL, NULL),
(10, 5, 'BRG010', 'Paracetamol', 5000, 8000, NULL, NULL, NULL),
(11, 4, 'TEST002', 'TEST Nama barang', 160000, 150000, NULL, '2025-06-23 21:42:30', '2025-06-23 21:42:30');

-- --------------------------------------------------------

--
-- Table structure for table `m_kategori`
--

CREATE TABLE `m_kategori` (
  `kategori_id` bigint UNSIGNED NOT NULL,
  `kategori_kode` varchar(10) COLLATE utf8mb4_unicode_ci NOT NULL,
  `kategori_nama` varchar(100) COLLATE utf8mb4_unicode_ci NOT NULL,
  `created_at` timestamp NULL DEFAULT NULL,
  `updated_at` timestamp NULL DEFAULT NULL
) ENGINE=InnoDB DEFAULT CHARSET=utf8mb4 COLLATE=utf8mb4_unicode_ci;

--
-- Dumping data for table `m_kategori`
--

INSERT INTO `m_kategori` (`kategori_id`, `kategori_kode`, `kategori_nama`, `created_at`, `updated_at`) VALUES
(1, 'KAT001', 'Elektronik', NULL, NULL),
(2, 'KAT002', 'Pakaian', NULL, NULL),
(3, 'KAT003', 'Makanan', NULL, NULL),
(4, 'KAT004', 'Perabotan', NULL, NULL),
(5, 'KAT005', 'Kesehatan', NULL, NULL),
(6, 'KAT006', 'TEST Kategori', '2025-06-23 21:43:09', '2025-06-23 21:43:09');

-- --------------------------------------------------------

--
-- Table structure for table `m_level`
--

CREATE TABLE `m_level` (
  `level_id` bigint UNSIGNED NOT NULL,
  `level_kode` varchar(10) COLLATE utf8mb4_unicode_ci NOT NULL,
  `level_nama` varchar(100) COLLATE utf8mb4_unicode_ci NOT NULL,
  `created_at` timestamp NULL DEFAULT NULL,
  `updated_at` timestamp NULL DEFAULT NULL
) ENGINE=InnoDB DEFAULT CHARSET=utf8mb4 COLLATE=utf8mb4_unicode_ci;

--
-- Dumping data for table `m_level`
--

INSERT INTO `m_level` (`level_id`, `level_kode`, `level_nama`, `created_at`, `updated_at`) VALUES
(1, 'ADM', 'Administrator', NULL, NULL),
(2, 'MNG', 'Manager', NULL, NULL),
(3, 'STF', 'Staff/Kasir', NULL, NULL),
(4, 'TEST', 'Testing', '2025-06-23 21:31:58', '2025-06-23 21:31:58');

-- --------------------------------------------------------

--
-- Table structure for table `m_supplier`
--

CREATE TABLE `m_supplier` (
  `supplier_id` bigint UNSIGNED NOT NULL,
  `supplier_kode` varchar(10) COLLATE utf8mb4_unicode_ci NOT NULL,
  `supplier_nama` varchar(100) COLLATE utf8mb4_unicode_ci NOT NULL,
  `supplier_alamat` varchar(255) COLLATE utf8mb4_unicode_ci NOT NULL,
  `created_at` timestamp NULL DEFAULT NULL,
  `updated_at` timestamp NULL DEFAULT NULL
) ENGINE=InnoDB DEFAULT CHARSET=utf8mb4 COLLATE=utf8mb4_unicode_ci;

--
-- Dumping data for table `m_supplier`
--

INSERT INTO `m_supplier` (`supplier_id`, `supplier_kode`, `supplier_nama`, `supplier_alamat`, `created_at`, `updated_at`) VALUES
(1, 'SUP001', 'PT Maju Jaya', 'Jl. Merdeka No. 10, Jakarta', '2025-06-23 19:53:31', '2025-06-23 19:53:31'),
(2, 'SUP002', 'CV Sukses Abadi', 'Jl. Sudirman No. 20, Bandung', '2025-06-23 19:53:31', '2025-06-23 19:53:31'),
(3, 'SUP003', 'UD Sumber Makmur', 'Jl. Diponegoro No. 5, Surabaya', '2025-06-23 19:53:31', '2025-06-23 19:53:31');

-- --------------------------------------------------------

--
-- Table structure for table `m_user`
--

CREATE TABLE `m_user` (
  `user_id` bigint UNSIGNED NOT NULL,
  `level_id` bigint UNSIGNED NOT NULL,
  `username` varchar(20) COLLATE utf8mb4_unicode_ci NOT NULL,
  `nama` varchar(100) COLLATE utf8mb4_unicode_ci NOT NULL,
  `password` varchar(255) COLLATE utf8mb4_unicode_ci NOT NULL,
  `created_at` timestamp NULL DEFAULT NULL,
  `updated_at` timestamp NULL DEFAULT NULL,
  `profile_url` varchar(255) COLLATE utf8mb4_unicode_ci DEFAULT NULL,
  `image` varchar(255) COLLATE utf8mb4_unicode_ci DEFAULT NULL
) ENGINE=InnoDB DEFAULT CHARSET=utf8mb4 COLLATE=utf8mb4_unicode_ci;

--
-- Dumping data for table `m_user`
--

INSERT INTO `m_user` (`user_id`, `level_id`, `username`, `nama`, `password`, `created_at`, `updated_at`, `profile_url`, `image`) VALUES
(1, 1, 'admin', 'Administrator', '$2y$12$5PIo/erdCBgRtoh02Y4FF./MVYc4cWxyCbn1cSfkzmj.gkM0aY5hq', NULL, NULL, NULL, NULL),
(2, 2, 'manager', 'Manager', '$2y$12$qcTjaNgEojDg03dYdoRsL.LRxMD8NZmBgnJnULRFZo.VY1p5WFo0q', NULL, NULL, NULL, NULL),
(3, 3, 'staff', 'Staff/Kasir', '$2y$12$yntq3.rimwDx9vZ73orFN.q86ZIw/vEHmRDo0nCFtVq0RLJIInvxq', NULL, '2025-06-23 21:45:55', 'profil_staff_3.png', NULL),
(4, 3, '2341720054', 'testUser', '$2y$12$.6uYMdzSUdtrcYS/SRaaouFUVHDkNo..Mnyasgaq7sBAQH2RQHBgm', '2025-06-23 20:12:59', '2025-06-23 20:12:59', NULL, NULL);

-- --------------------------------------------------------

--
-- Table structure for table `password_reset_tokens`
--

CREATE TABLE `password_reset_tokens` (
  `email` varchar(255) COLLATE utf8mb4_unicode_ci NOT NULL,
  `token` varchar(255) COLLATE utf8mb4_unicode_ci NOT NULL,
  `created_at` timestamp NULL DEFAULT NULL
) ENGINE=InnoDB DEFAULT CHARSET=utf8mb4 COLLATE=utf8mb4_unicode_ci;

-- --------------------------------------------------------

--
-- Table structure for table `personal_access_tokens`
--

CREATE TABLE `personal_access_tokens` (
  `id` bigint UNSIGNED NOT NULL,
  `tokenable_type` varchar(255) COLLATE utf8mb4_unicode_ci NOT NULL,
  `tokenable_id` bigint UNSIGNED NOT NULL,
  `name` varchar(255) COLLATE utf8mb4_unicode_ci NOT NULL,
  `token` varchar(64) COLLATE utf8mb4_unicode_ci NOT NULL,
  `abilities` text COLLATE utf8mb4_unicode_ci,
  `last_used_at` timestamp NULL DEFAULT NULL,
  `expires_at` timestamp NULL DEFAULT NULL,
  `created_at` timestamp NULL DEFAULT NULL,
  `updated_at` timestamp NULL DEFAULT NULL
) ENGINE=InnoDB DEFAULT CHARSET=utf8mb4 COLLATE=utf8mb4_unicode_ci;

-- --------------------------------------------------------

--
-- Table structure for table `t_penjualan`
--

CREATE TABLE `t_penjualan` (
  `penjualan_id` bigint UNSIGNED NOT NULL,
  `user_id` bigint UNSIGNED NOT NULL,
  `pembeli` varchar(50) COLLATE utf8mb4_unicode_ci NOT NULL,
  `penjualan_kode` varchar(20) COLLATE utf8mb4_unicode_ci NOT NULL,
  `penjualan_tanggal` datetime NOT NULL,
  `created_at` timestamp NULL DEFAULT NULL,
  `updated_at` timestamp NULL DEFAULT NULL
) ENGINE=InnoDB DEFAULT CHARSET=utf8mb4 COLLATE=utf8mb4_unicode_ci;

-- --------------------------------------------------------

--
-- Table structure for table `t_penjualan_detail`
--

CREATE TABLE `t_penjualan_detail` (
  `detail_id` bigint UNSIGNED NOT NULL,
  `penjualan_id` bigint UNSIGNED NOT NULL,
  `barang_id` bigint UNSIGNED NOT NULL,
  `harga` int NOT NULL,
  `jumlah` int NOT NULL,
  `created_at` timestamp NULL DEFAULT NULL,
  `updated_at` timestamp NULL DEFAULT NULL
) ENGINE=InnoDB DEFAULT CHARSET=utf8mb4 COLLATE=utf8mb4_unicode_ci;

-- --------------------------------------------------------

--
-- Table structure for table `t_stok`
--

CREATE TABLE `t_stok` (
  `stok_id` bigint UNSIGNED NOT NULL,
  `barang_id` bigint UNSIGNED NOT NULL,
  `user_id` bigint UNSIGNED NOT NULL,
  `stok_tanggal` datetime NOT NULL,
  `stok_jumlah` int NOT NULL,
  `created_at` timestamp NULL DEFAULT NULL,
  `updated_at` timestamp NULL DEFAULT NULL
) ENGINE=InnoDB DEFAULT CHARSET=utf8mb4 COLLATE=utf8mb4_unicode_ci;

--
-- Dumping data for table `t_stok`
--

INSERT INTO `t_stok` (`stok_id`, `barang_id`, `user_id`, `stok_tanggal`, `stok_jumlah`, `created_at`, `updated_at`) VALUES
(1, 1, 3, '2025-06-24 02:53:28', 10, NULL, NULL),
(2, 2, 3, '2025-06-24 02:53:28', 20, NULL, NULL),
(3, 3, 3, '2025-06-24 02:53:28', 100, NULL, NULL),
(4, 4, 3, '2025-06-24 02:53:28', 20, NULL, NULL),
(5, 5, 3, '2025-06-24 02:53:28', 200, NULL, NULL),
(6, 6, 3, '2025-06-24 02:53:28', 100, NULL, NULL),
(7, 7, 3, '2025-06-24 02:53:28', 5, NULL, NULL),
(8, 8, 3, '2025-06-24 02:53:28', 10, NULL, NULL),
(9, 9, 3, '2025-06-24 02:53:28', 80, NULL, NULL),
(10, 10, 3, '2025-06-24 02:53:28', 1000, NULL, NULL);

-- --------------------------------------------------------

--
-- Table structure for table `users`
--

CREATE TABLE `users` (
  `id` bigint UNSIGNED NOT NULL,
  `name` varchar(255) COLLATE utf8mb4_unicode_ci NOT NULL,
  `email` varchar(255) COLLATE utf8mb4_unicode_ci NOT NULL,
  `email_verified_at` timestamp NULL DEFAULT NULL,
  `password` varchar(255) COLLATE utf8mb4_unicode_ci NOT NULL,
  `remember_token` varchar(100) COLLATE utf8mb4_unicode_ci DEFAULT NULL,
  `created_at` timestamp NULL DEFAULT NULL,
  `updated_at` timestamp NULL DEFAULT NULL
) ENGINE=InnoDB DEFAULT CHARSET=utf8mb4 COLLATE=utf8mb4_unicode_ci;

--
-- Indexes for dumped tables
--

--
-- Indexes for table `failed_jobs`
--
ALTER TABLE `failed_jobs`
  ADD PRIMARY KEY (`id`),
  ADD UNIQUE KEY `failed_jobs_uuid_unique` (`uuid`);

--
-- Indexes for table `migrations`
--
ALTER TABLE `migrations`
  ADD PRIMARY KEY (`id`);

--
-- Indexes for table `m_barang`
--
ALTER TABLE `m_barang`
  ADD PRIMARY KEY (`barang_id`),
  ADD UNIQUE KEY `m_barang_barang_kode_unique` (`barang_kode`),
  ADD KEY `m_barang_kategori_id_index` (`kategori_id`);

--
-- Indexes for table `m_kategori`
--
ALTER TABLE `m_kategori`
  ADD PRIMARY KEY (`kategori_id`),
  ADD UNIQUE KEY `m_kategori_kategori_kode_unique` (`kategori_kode`);

--
-- Indexes for table `m_level`
--
ALTER TABLE `m_level`
  ADD PRIMARY KEY (`level_id`),
  ADD UNIQUE KEY `m_level_level_kode_unique` (`level_kode`);

--
-- Indexes for table `m_supplier`
--
ALTER TABLE `m_supplier`
  ADD PRIMARY KEY (`supplier_id`),
  ADD UNIQUE KEY `m_supplier_supplier_kode_unique` (`supplier_kode`);

--
-- Indexes for table `m_user`
--
ALTER TABLE `m_user`
  ADD PRIMARY KEY (`user_id`),
  ADD UNIQUE KEY `m_user_username_unique` (`username`),
  ADD KEY `m_user_level_id_index` (`level_id`);

--
-- Indexes for table `password_reset_tokens`
--
ALTER TABLE `password_reset_tokens`
  ADD PRIMARY KEY (`email`);

--
-- Indexes for table `personal_access_tokens`
--
ALTER TABLE `personal_access_tokens`
  ADD PRIMARY KEY (`id`),
  ADD UNIQUE KEY `personal_access_tokens_token_unique` (`token`),
  ADD KEY `personal_access_tokens_tokenable_type_tokenable_id_index` (`tokenable_type`,`tokenable_id`);

--
-- Indexes for table `t_penjualan`
--
ALTER TABLE `t_penjualan`
  ADD PRIMARY KEY (`penjualan_id`),
  ADD UNIQUE KEY `t_penjualan_pembeli_unique` (`pembeli`),
  ADD KEY `t_penjualan_user_id_index` (`user_id`);

--
-- Indexes for table `t_penjualan_detail`
--
ALTER TABLE `t_penjualan_detail`
  ADD PRIMARY KEY (`detail_id`),
  ADD KEY `t_penjualan_detail_penjualan_id_index` (`penjualan_id`),
  ADD KEY `t_penjualan_detail_barang_id_index` (`barang_id`);

--
-- Indexes for table `t_stok`
--
ALTER TABLE `t_stok`
  ADD PRIMARY KEY (`stok_id`),
  ADD KEY `t_stok_barang_id_index` (`barang_id`),
  ADD KEY `t_stok_user_id_index` (`user_id`);

--
-- Indexes for table `users`
--
ALTER TABLE `users`
  ADD PRIMARY KEY (`id`),
  ADD UNIQUE KEY `users_email_unique` (`email`);

--
-- AUTO_INCREMENT for dumped tables
--

--
-- AUTO_INCREMENT for table `failed_jobs`
--
ALTER TABLE `failed_jobs`
  MODIFY `id` bigint UNSIGNED NOT NULL AUTO_INCREMENT;

--
-- AUTO_INCREMENT for table `migrations`
--
ALTER TABLE `migrations`
  MODIFY `id` int UNSIGNED NOT NULL AUTO_INCREMENT, AUTO_INCREMENT=16;

--
-- AUTO_INCREMENT for table `m_barang`
--
ALTER TABLE `m_barang`
  MODIFY `barang_id` bigint UNSIGNED NOT NULL AUTO_INCREMENT, AUTO_INCREMENT=12;

--
-- AUTO_INCREMENT for table `m_kategori`
--
ALTER TABLE `m_kategori`
  MODIFY `kategori_id` bigint UNSIGNED NOT NULL AUTO_INCREMENT, AUTO_INCREMENT=7;

--
-- AUTO_INCREMENT for table `m_level`
--
ALTER TABLE `m_level`
  MODIFY `level_id` bigint UNSIGNED NOT NULL AUTO_INCREMENT, AUTO_INCREMENT=5;

--
-- AUTO_INCREMENT for table `m_supplier`
--
ALTER TABLE `m_supplier`
  MODIFY `supplier_id` bigint UNSIGNED NOT NULL AUTO_INCREMENT, AUTO_INCREMENT=4;

--
-- AUTO_INCREMENT for table `m_user`
--
ALTER TABLE `m_user`
  MODIFY `user_id` bigint UNSIGNED NOT NULL AUTO_INCREMENT, AUTO_INCREMENT=5;

--
-- AUTO_INCREMENT for table `personal_access_tokens`
--
ALTER TABLE `personal_access_tokens`
  MODIFY `id` bigint UNSIGNED NOT NULL AUTO_INCREMENT;

--
-- AUTO_INCREMENT for table `t_penjualan`
--
ALTER TABLE `t_penjualan`
  MODIFY `penjualan_id` bigint UNSIGNED NOT NULL AUTO_INCREMENT;

--
-- AUTO_INCREMENT for table `t_penjualan_detail`
--
ALTER TABLE `t_penjualan_detail`
  MODIFY `detail_id` bigint UNSIGNED NOT NULL AUTO_INCREMENT;

--
-- AUTO_INCREMENT for table `t_stok`
--
ALTER TABLE `t_stok`
  MODIFY `stok_id` bigint UNSIGNED NOT NULL AUTO_INCREMENT, AUTO_INCREMENT=11;

--
-- AUTO_INCREMENT for table `users`
--
ALTER TABLE `users`
  MODIFY `id` bigint UNSIGNED NOT NULL AUTO_INCREMENT;

--
-- Constraints for dumped tables
--

--
-- Constraints for table `m_barang`
--
ALTER TABLE `m_barang`
  ADD CONSTRAINT `m_barang_kategori_id_foreign` FOREIGN KEY (`kategori_id`) REFERENCES `m_kategori` (`kategori_id`);

--
-- Constraints for table `m_user`
--
ALTER TABLE `m_user`
  ADD CONSTRAINT `m_user_level_id_foreign` FOREIGN KEY (`level_id`) REFERENCES `m_level` (`level_id`);

--
-- Constraints for table `t_penjualan`
--
ALTER TABLE `t_penjualan`
  ADD CONSTRAINT `t_penjualan_user_id_foreign` FOREIGN KEY (`user_id`) REFERENCES `m_user` (`user_id`);

--
-- Constraints for table `t_penjualan_detail`
--
ALTER TABLE `t_penjualan_detail`
  ADD CONSTRAINT `t_penjualan_detail_barang_id_foreign` FOREIGN KEY (`barang_id`) REFERENCES `m_barang` (`barang_id`),
  ADD CONSTRAINT `t_penjualan_detail_penjualan_id_foreign` FOREIGN KEY (`penjualan_id`) REFERENCES `t_penjualan` (`penjualan_id`);

--
-- Constraints for table `t_stok`
--
ALTER TABLE `t_stok`
  ADD CONSTRAINT `t_stok_barang_id_foreign` FOREIGN KEY (`barang_id`) REFERENCES `m_barang` (`barang_id`),
  ADD CONSTRAINT `t_stok_user_id_foreign` FOREIGN KEY (`user_id`) REFERENCES `m_user` (`user_id`);
COMMIT;

/*!40101 SET CHARACTER_SET_CLIENT=@OLD_CHARACTER_SET_CLIENT */;
/*!40101 SET CHARACTER_SET_RESULTS=@OLD_CHARACTER_SET_RESULTS */;
/*!40101 SET COLLATION_CONNECTION=@OLD_COLLATION_CONNECTION */;
